﻿<TexName>,<FileName>,<ColorKey>,<ThisFileName>,<UseHitEffectChannel>,,,,,,,,,,,
Laser,SFX/Laser.bmp,192/192/192,SFX/Laser.csv,5,,,,,,,,,,,
<AnimSeqName>,<float PlayTime>,<int LoopFlag>,<bool Reverse>,<float PlayScale>,<int Layer>,<float OffsetX>,<float OffsetY>,<float PivotX>,<float PivotY>,"<FramePos(Start, End)>",<…>,,,,
LaserFire,1,,,,0,,5,,,7/519/19/531,,,,,
LaserLine,0.5,,,,1,,-3,,,12/502/14/518,,,,,
LaserOff,0.2,,,,0,,5,,,7/519/19/531,9/488/17/500,11/458/15/468,,,
LaserLineOff,0.2,,,,1,,-3,,,12/502/14/518,12/471/14/487,12/440/14/456,12/410/14/437,,
LaserHit,0.2,1,,,2,,5,,,30/490/62/531,30/450/62/489,30/413/62/449,30/378/62/412,30/338/62/377,30/297/62/337
LaserHitOff,0.2,,,,2,,5,,,7/519/19/531,9/488/17/500,11/458/15/468,,,
